#############################################;;;;;;;;;;;;;;x
#Brittania;;;;;;;;;;;;;;x
#############################################;;;;;;;;;;;;;;x
PROV273;Glevenses;;;;;;;;;;;;;;;;;;;;;;;;;;;
PROV274;Demetae;;;;;;;;;;;;;;;;;;;;;;;;;;;
PROV275;Pagus;;;;;;;;;;;;;;;;;;;;;;;;;;;
PROV276;Venedotia;;;;;;;;;;;;;;;;;;;;;;;;;;;
PROV277;Lavatrae;;;;;;;;;;;;;;;;;;;;;;;;;;;
PROV278;Mamucium;;;;;;;;;;;;;;;;;;;;;;;;;;;
PROV279;Carvetiorum;;;;;;;;;;;;;;;;;;;;;;;;;;;
PROV280;Vinovia;;;;;;;;;;;;;;;;;;;;;;;;;;;
PROV281;Brigantes;;;;;;;;;;;;;;;;;;;;;;;;;;;
PROV282;Eubaricum;;;;;;;;;;;;;;;;;;;;;;;;;;;
PROV283;Sanctus Petrus;;;;;;;;;;;;;;;;;;;;;;;;;;;
PROV285;Deva;;;;;;;;;;;;;;;;;;;;;;;;;;;
PROV286;Letocetum;;;;;;;;;;;;;;;;;;;;;;;;;;;
PROV287;Alauna;;;;;;;;;;;;;;;;;;;;;;;;;;;
PROV288;Ratae;;;;;;;;;;;;;;;;;;;;;;;;;;;
PROV289;Coritani;;;;;;;;;;;;;;;;;;;;;;;;;;;
PROV290;Lindum;;;;;;;;;;;;;;;;;;;;;;;;;;;
PROV291;Lactodorum;;;;;;;;;;;;;;;;;;;;;;;;;;;
PROV292;Iceni;;;;;;;;;;;;;;;;;;;;;;;;;;;
PROV293;Camulodunum;;;;;;;;;;;;;;;;;;;;;;;;;;;
PROV294;Aekua Castra;;;;;;;;;;;;;;;;;;;;;;;;;;;
PROV295;Verulamium;;;;;;;;;;;;;;;;;;;;;;;;;;;
PROV296;Dobuni;;;;;;;;;;;;;;;;;;;;;;;;;;;
PROV297;Durotriges;;;;;;;;;;;;;;;;;;;;;;;;;;;
PROV298;Aquae Sulis;;;;;;;;;;;;;;;;;;;;;;;;;;;
PROV299;Dumnonii;;;;;;;;;;;;;;;;;;;;;;;;;;;
PROV301;Cantium;;;;;;;;;;;;;;;;;;;;;;;;;;;
PROV302;Anderida;;;;;;;;;;;;;;;;;;;;;;;;;;;
PROV303;Venta Belgarum;;;;;;;;;;;;;;;;;;;;;;;;;;;
#############################################;;;;;;;;;;;;;;x
#Gaul;;;;;;;;;;;;;;x
#############################################;;;;;;;;;;;;;;x
PROV378;Gontia;;;;;;;;;;;;;;;;;;;;;;;;;;;
PROV379;Loon;;;;;;;;;;;;;;;;;;;;;;;;;;;
PROV387;Athum;;;;;;;;;;;;;;;;;;;;;;;;;;;
PROV388;Iprensis;;;;;;;;;;;;;;;;;;;;;;;;;;;
PROV390;Toxandria;;;;;;;;;;;;;;;;;;;;;;;;;;;
PROV391;Huy;;;;;;;;;;;;;;;;;;;;;;;;;;;
PROV394;Castirlocus;;;;;;;;;;;;;;;;;;;;;;;;;;;
PROV395;Leudica;;;;;;;;;;;;;;;;;;;;;;;;;;;
PROV400;Gesoriacum;;;;;;;;;;;;;;;;;;;;;;;;;;;
PROV402;Iulibona;;;;;;;;;;;;;;;;;;;;;;;;;;;
PROV403;Samarobriva;;;;;;;;;;;;;;;;;;;;;;;;;;;
PROV404;Corbeia;;;;;;;;;;;;;;;;;;;;;;;;;;;
PROV405;Castra Romani;;;;;;;;;;;;;;;;;;;;;;;;;;;
PROV406;Nemours;;;;;;;;;;;;;;;;;;;;;;;;;;;
PROV407;Novus Campania;;;;;;;;;;;;;;;;;;;;;;;;;;;
PROV408;Chatillon;;;;;;;;;;;;;;;;;;;;;;;;;;;
PROV409;Argentoratum;;;;;;;;;;;;;;;;;;;;;;;;;;;
PROV411;Nantiacum;;;;;;;;;;;;;;;;;;;;;;;;;;;
PROV412;Divodurum;;;;;;;;;;;;;;;;;;;;;;;;;;;
PROV413;Verodunum;;;;;;;;;;;;;;;;;;;;;;;;;;;
PROV415;Rotomagus;;;;;;;;;;;;;;;;;;;;;;;;;;;
PROV416;Lexovium;;;;;;;;;;;;;;;;;;;;;;;;;;;
PROV417;Augustodurum;;;;;;;;;;;;;;;;;;;;;;;;;;;
PROV424;Reginca;;;;;;;;;;;;;;;;;;;;;;;;;;;
PROV425;Parisium;;;;;;;;;;;;;;;;;;;;;;;;;;;
PROV426;Cenomannicus;;;;;;;;;;;;;;;;;;;;;;;;;;;
PROV427;Metlosedum;;;;;;;;;;;;;;;;;;;;;;;;;;;
PROV428;Divio;;;;;;;;;;;;;;;;;;;;;;;;;;;
PROV429;Autissiodorum;;;;;;;;;;;;;;;;;;;;;;;;;;;
PROV430;Neirnum;;;;;;;;;;;;;;;;;;;;;;;;;;;
PROV431;Matiscus;;;;;;;;;;;;;;;;;;;;;;;;;;;
PROV433;Louhans;;;;;;;;;;;;;;;;;;;;;;;;;;;
PROV434;Limonum;;;;;;;;;;;;;;;;;;;;;;;;;;;
PROV435;Iuliomagus;;;;;;;;;;;;;;;;;;;;;;;;;;;
PROV436;Vindocinum;;;;;;;;;;;;;;;;;;;;;;;;;;;
PROV437;Rupella;;;;;;;;;;;;;;;;;;;;;;;;;;;
PROV438;Aurelianum;;;;;;;;;;;;;;;;;;;;;;;;;;;
PROV439;Dolum;;;;;;;;;;;;;;;;;;;;;;;;;;;
PROV440;Blesum;;;;;;;;;;;;;;;;;;;;;;;;;;;
PROV441;Caesardunum;;;;;;;;;;;;;;;;;;;;;;;;;;;
PROV442;Royan;;;;;;;;;;;;;;;;;;;;;;;;;;;
PROV443;Pictavum;;;;;;;;;;;;;;;;;;;;;;;;;;;
PROV444;Travectus;;;;;;;;;;;;;;;;;;;;;;;;;;;
PROV445;Avaricum;;;;;;;;;;;;;;;;;;;;;;;;;;;
PROV447;Sarlatum;;;;;;;;;;;;;;;;;;;;;;;;;;;
PROV448;Avernus;;;;;;;;;;;;;;;;;;;;;;;;;;;
PROV449;Anicium;;;;;;;;;;;;;;;;;;;;;;;;;;;
PROV450;Vaurum;;;;;;;;;;;;;;;;;;;;;;;;;;;
PROV451;Lugdunum;;;;;;;;;;;;;;;;;;;;;;;;;;;
PROV452;Externa Castra;;;;;;;;;;;;;;;;;;;;;;;;;;;
PROV453;Lugdunon;;;;;;;;;;;;;;;;;;;;;;;;;;;
PROV454;Dapnium;;;;;;;;;;;;;;;;;;;;;;;;;;;
PROV455;Tolosar;;;;;;;;;;;;;;;;;;;;;;;;;;;
PROV456;Carthdun;;;;;;;;;;;;;;;;;;;;;;;;;;;
PROV457;Baltorix;;;;;;;;;;;;;;;;;;;;;;;;;;;
PROV458;Salunport;;;;;;;;;;;;;;;;;;;;;;;;;;;
PROV459;Vinum;;;;;;;;;;;;;;;;;;;;;;;;;;;
PROV460;Tursbalat;;;;;;;;;;;;;;;;;;;;;;;;;;;
PROV461;Vivaris;;;;;;;;;;;;;;;;;;;;;;;;;;;
PROV462;Amanfort;;;;;;;;;;;;;;;;;;;;;;;;;;;
PROV463;Narbonne;;;;;;;;;;;;;;;;;;;;;;;;;;;
PROV464;Rubrum;;;;;;;;;;;;;;;;;;;;;;;;;;;
PROV465;Augusta;;;;;;;;;;;;;;;;;;;;;;;;;;;
PROV466;Chembrun;;;;;;;;;;;;;;;;;;;;;;;;;;;
PROV467;Tyrae;;;;;;;;;;;;;;;;;;;;;;;;;;;
PROV468;Vivarais;;;;;;;;;;;;;;;;;;;;;;;;;;;
PROV469;Venisus;;;;;;;;;;;;;;;;;;;;;;;;;;;
PROV470;Medlanar;;;;;;;;;;;;;;;;;;;;;;;;;;;
PROV471;Baltporta;;;;;;;;;;;;;;;;;;;;;;;;;;;
PROV570;Mogontiacum;;;;;;;;;;;;;;;;;;;;;;;;;;;
PROV571;Vormatia;;;;;;;;;;;;;;;;;;;;;;;;;;;
PROV572;Treveri;;;;;;;;;;;;;;;;;;;;;;;;;;;
PROV574;Confluentes;;;;;;;;;;;;;;;;;;;;;;;;;;;
PROV575;Colonia;;;;;;;;;;;;;;;;;;;;;;;;;;;
PROV576;Aquae Granni;;;;;;;;;;;;;;;;;;;;;;;;;;;
PROV577;Iuliacum;;;;;;;;;;;;;;;;;;;;;;;;;;;
PROV607;Genava;;;;;;;;;;;;;;;;;;;;;;;;;;;
PROV7;Chadasia;;;;;;;;;;;;;;;;;;;;;;;;;;;
#############################################;;;;;;;;;;;;;;x
#Hispania;;;;;;;;;;;;;;x
#############################################;;;;;;;;;;;;;;x
PROV474;Korune;;;;;;;;;;;;;;;;;;;;;;;;;;;
PROV475;Asturak;;;;;;;;;;;;;;;;;;;;;;;;;;;
PROV476;Pontevar;;;;;;;;;;;;;;;;;;;;;;;;;;;
PROV477;Zamurim;;;;;;;;;;;;;;;;;;;;;;;;;;;
PROV478;Vindius;;;;;;;;;;;;;;;;;;;;;;;;;;;
PROV479;Burgim;;;;;;;;;;;;;;;;;;;;;;;;;;;
PROV480;Palanik;;;;;;;;;;;;;;;;;;;;;;;;;;;
PROV481;Segshet;;;;;;;;;;;;;;;;;;;;;;;;;;;
PROV482;Salmark;;;;;;;;;;;;;;;;;;;;;;;;;;;
PROV483;Abila;;;;;;;;;;;;;;;;;;;;;;;;;;;
PROV484;Badajur;;;;;;;;;;;;;;;;;;;;;;;;;;;
PROV485;Kakiris;;;;;;;;;;;;;;;;;;;;;;;;;;;
PROV486;Plasencia;;;;;;;;;;;;;;;;;;;;;;;;;;;
PROV487;Matrida;;;;;;;;;;;;;;;;;;;;;;;;;;;
PROV488;Sori;;;;;;;;;;;;;;;;;;;;;;;;;;;
PROV489;Tolida;;;;;;;;;;;;;;;;;;;;;;;;;;;
PROV491;Desertum;;;;;;;;;;;;;;;;;;;;;;;;;;
PROV492;Cunecis;;;;;;;;;;;;;;;;;;;;;;;;;;
PROV493;Pompaelo;;;;;;;;;;;;;;;;;;;;;;;;;;
PROV494;Tritium;;;;;;;;;;;;;;;;;;;;;;;;;;
PROV495;Zardir;;;;;;;;;;;;;;;;;;;;;;;;;;
PROV496;Huskar;;;;;;;;;;;;;;;;;;;;;;;;;;
PROV498;Barcino;;;;;;;;;;;;;;;;;;;;;;;;;;
PROV499;Spese;;;;;;;;;;;;;;;;;;;;;;;;;;
PROV500;Gabal;;;;;;;;;;;;;;;;;;;;;;;;;;
PROV501;Tarraqen;;;;;;;;;;;;;;;;;;;;;;;;;;
PROV503;Valqart;;;;;;;;;;;;;;;;;;;;;;;;;;;
PROV504;Kastelar;;;;;;;;;;;;;;;;;;;;;;;;;;;
PROV505;Xata-Beth;;;;;;;;;;;;;;;;;;;;;;;;;;;
PROV506;Carthago Nova;;;;;;;;;;;;;;;;;;;;;;;;;;;
PROV507;Murtia;;;;;;;;;;;;;;;;;;;;;;;;;;;
PROV508;Arva;;;;;;;;;;;;;;;;;;;;;;;;;;;
PROV509;Hispalis;;;;;;;;;;;;;;;;;;;;;;;;;;;
PROV510;Corduba;;;;;;;;;;;;;;;;;;;;;;;;;;;
PROV511;Onoba Aestuaria;;;;;;;;;;;;;;;;;;;;;;;;;;;
PROV512;Gadir;;;;;;;;;;;;;;;;;;;;;;;;;;;
PROV513;Iliberris;;;;;;;;;;;;;;;;;;;;;;;;;;;
PROV514;Flavia Malacitana;;;;;;;;;;;;;;;;;;;;;;;;;;;
PROV516;Acci;;;;;;;;;;;;;;;;;;;;;;;;;;;
PROV517;Gebaltar;;;;;;;;;;;;;;;;;;;;;;;;;;;
PROV518;Portuk;;;;;;;;;;;;;;;;;;;;;;;;;;;
PROV519;Braganik;;;;;;;;;;;;;;;;;;;;;;;;;;;
PROV520;Beirek;;;;;;;;;;;;;;;;;;;;;;;;;;;
PROV521;Lisbar;;;;;;;;;;;;;;;;;;;;;;;;;;;
PROV522;Aveirak;;;;;;;;;;;;;;;;;;;;;;;;;;;
PROV523;Koim;;;;;;;;;;;;;;;;;;;;;;;;;;;
PROV524;Ribathar;;;;;;;;;;;;;;;;;;;;;;;;;;;
PROV525;Ebroak;;;;;;;;;;;;;;;;;;;;;;;;;;;
PROV526;Bejum;;;;;;;;;;;;;;;;;;;;;;;;;;;
PROV527;Algarim;;;;;;;;;;;;;;;;;;;;;;;;;;;
PROV3295;Gadiria;;;;;;;;;;;;;;;;;;;;;;;;;;;
#############################################;;;;;;;;;;;;;;x
#Italia;;;;;;;;;;;;;;x
#############################################;;;;;;;;;;;;;;x
PROV472;Nikaia;;;;;;;;;;;;;;;;;;;;;;;;;;;
PROV592;Suebia;;;;;;;;;;;;;;;;;;;;;;;;;;;
PROV593;Constantia Raetia;;;;;;;;;;;;;;;;;;;;;;;;;;;
PROV599;Munichen;;;;;;;;;;;;;;;;;;;;;;;;;;;
PROV600;Dreilstadt;;;;;;;;;;;;;;;;;;;;;;;;;;;
PROV603;Arbor Felix;;;;;;;;;;;;;;;;;;;;;;;;;;;
PROV604;Turicum;;;;;;;;;;;;;;;;;;;;;;;;;;;
PROV605;Bilitum;;;;;;;;;;;;;;;;;;;;;;;;;;;
PROV606;Tavaus;;;;;;;;;;;;;;;;;;;;;;;;;;;
PROV609;Acaunum;;;;;;;;;;;;;;;;;;;;;;;;;;;
PROV611;Curia;;;;;;;;;;;;;;;;;;;;;;;;;;;
PROV612;Inntal;;;;;;;;;;;;;;;;;;;;;;;;;;;
PROV613;Saltusburg;;;;;;;;;;;;;;;;;;;;;;;;;;;
PROV616;Gratia;;;;;;;;;;;;;;;;;;;;;;;;;;;
PROV617;Stryriaca;;;;;;;;;;;;;;;;;;;;;;;;;;;
PROV618;Alpicorna;;;;;;;;;;;;;;;;;;;;;;;;;;;
PROV620;Ostola;;;;;;;;;;;;;;;;;;;;;;;;;;;
PROV622;Ostsilvum;;;;;;;;;;;;;;;;;;;;;;;;;;;
PROV623;Scarbantia;;;;;;;;;;;;;;;;;;;;;;;;;;;
PROV624;Vindovina;;;;;;;;;;;;;;;;;;;;;;;;;;;
PROV639;Savaria;;;;;;;;;;;;;;;;;;;;;;;;;;;
PROV640;Sopianae;;;;;;;;;;;;;;;;;;;;;;;;;;;
PROV642;Intercisa;;;;;;;;;;;;;;;;;;;;;;;;;;;
PROV643;Annamatia;;;;;;;;;;;;;;;;;;;;;;;;;;;
PROV644;Gorsium;;;;;;;;;;;;;;;;;;;;;;;;;;;
PROV720;Tortona;;;;;;;;;;;;;;;;;;;;;;;;;;;
PROV721;Eporedia;;;;;;;;;;;;;;;;;;;;;;;;;;;
PROV722;Novaria;;;;;;;;;;;;;;;;;;;;;;;;;;;
PROV724;Genua;;;;;;;;;;;;;;;;;;;;;;;;;;;
PROV726;Mediolanum;;;;;;;;;;;;;;;;;;;;;;;;;;;
PROV727;Bergomum;;;;;;;;;;;;;;;;;;;;;;;;;;;
PROV728;Brixia;;;;;;;;;;;;;;;;;;;;;;;;;;;
PROV729;Ventiae;;;;;;;;;;;;;;;;;;;;;;;;;;;
PROV731;Patavium;;;;;;;;;;;;;;;;;;;;;;;;;;;
PROV732;Tarvisium;;;;;;;;;;;;;;;;;;;;;;;;;;;
PROV733;Utinum;;;;;;;;;;;;;;;;;;;;;;;;;;;
PROV734;Tridentum;;;;;;;;;;;;;;;;;;;;;;;;;;;
PROV735;Tirolis;;;;;;;;;;;;;;;;;;;;;;;;;;;
PROV737;Aquileia;;;;;;;;;;;;;;;;;;;;;;;;;;;
PROV739;Mutina;;;;;;;;;;;;;;;;;;;;;;;;;;;
PROV741;Bononia;;;;;;;;;;;;;;;;;;;;;;;;;;;
PROV744;Florenita;;;;;;;;;;;;;;;;;;;;;;;;;;;
PROV745;Labro;;;;;;;;;;;;;;;;;;;;;;;;;;;
PROV746;Luca;;;;;;;;;;;;;;;;;;;;;;;;;;;
PROV747;Saena Iulia;;;;;;;;;;;;;;;;;;;;;;;;;;;
PROV748;Cosa;;;;;;;;;;;;;;;;;;;;;;;;;;;
PROV750;Aricia;;;;;;;;;;;;;;;;;;;;;;;;;;;
PROV751;Spoletum;;;;;;;;;;;;;;;;;;;;;;;;;;;
PROV753;Molisum;;;;;;;;;;;;;;;;;;;;;;;;;;;
PROV754;Neapolis;;;;;;;;;;;;;;;;;;;;;;;;;;;
PROV755;Salernum;;;;;;;;;;;;;;;;;;;;;;;;;;;
PROV756;Bari;;;;;;;;;;;;;;;;;;;;;;;;;;;
PROV757;Caputana;;;;;;;;;;;;;;;;;;;;;;;;;;;
PROV758;Lixos;;;;;;;;;;;;;;;;;;;;;;;;;;;
PROV759;Kalabresh;;;;;;;;;;;;;;;;;;;;;;;;;;;
PROV760;Kosent;;;;;;;;;;;;;;;;;;;;;;;;;;;
PROV761;Luqanet;;;;;;;;;;;;;;;;;;;;;;;;;;;
PROV762;Lilybaeum;;;;;;;;;;;;;;;;;;;;;;;;;;;
PROV763;Mazuna;;;;;;;;;;;;;;;;;;;;;;;;;;;
PROV764;Syracusae;;;;;;;;;;;;;;;;;;;;;;;;;;;
PROV768;Sancticum;;;;;;;;;;;;;;;;;;;;;;;;;;;
PROV769;Emona;;;;;;;;;;;;;;;;;;;;;;;;;;;
PROV770;Parentium;;;;;;;;;;;;;;;;;;;;;;;;;;;
PROV771;Siscia;;;;;;;;;;;;;;;;;;;;;;;;;;;
PROV772;Sublimium;;;;;;;;;;;;;;;;;;;;;;;;;;;
PROV773;Curicta;;;;;;;;;;;;;;;;;;;;;;;;;;;
PROV774;Senia;;;;;;;;;;;;;;;;;;;;;;;;;;;
PROV775;Andautonia;;;;;;;;;;;;;;;;;;;;;;;;;;;
PROV776;Carlostadium;;;;;;;;;;;;;;;;;;;;;;;;;;;
PROV777;Koprivnica;;;;;;;;;;;;;;;;;;;;;;;;;;;
PROV778;Frapanii;;;;;;;;;;;;;;;;;;;;;;;;;;;
PROV779;Mursa;;;;;;;;;;;;;;;;;;;;;;;;;;;
PROV780;Spalatum;;;;;;;;;;;;;;;;;;;;;;;;;;;
PROV781;Iader;;;;;;;;;;;;;;;;;;;;;;;;;;;
PROV782;Raugia;;;;;;;;;;;;;;;;;;;;;;;;;;;
PROV783;Bosnensis;;;;;;;;;;;;;;;;;;;;;;;;;;;
PROV784;Raetinium;;;;;;;;;;;;;;;;;;;;;;;;;;;
PROV785;Usora;;;;;;;;;;;;;;;;;;;;;;;;;;;
PROV786;Capedunum;;;;;;;;;;;;;;;;;;;;;;;;;;;
PROV787;Ramia;;;;;;;;;;;;;;;;;;;;;;;;;;;
PROV788;Culmen;;;;;;;;;;;;;;;;;;;;;;;;;;;
PROV789;Delminium;;;;;;;;;;;;;;;;;;;;;;;;;;;
PROV793;Crisium;;;;;;;;;;;;;;;;;;;;;;;;;;;
PROV2567;Tarracina;;;;;;;;;;;;;;;;;;;;;;;;;;;
PROV3252;Magia;;;;;;;;;;;;;;;;;;;;;;;;;;;
PROV3255;Cuneum;;;;;;;;;;;;;;;;;;;;;;;;;;;
PROV3258;Beneventum;;;;;;;;;;;;;;;;;;;;;;;;;;;
PROV3259;Abellin;;;;;;;;;;;;;;;;;;;;;;;;;;;
PROV3260;Teate;;;;;;;;;;;;;;;;;;;;;;;;;;;
#############################################;;;;;;;;;;;;;;x
#Byzantine Empire;;;;;;;;;;;;;;x
#############################################;;;;;;;;;;;;;;x
PROV675;Tomis;;;;;;;;;;;;;;;;;;;;;;;;;;;
PROV794;Singidounon;;;;;;;;;;;;;;;;;;;;;;;;;;;
PROV795;Bononia;;;;;;;;;;;;;;;;;;;;;;;;;;;
PROV796;Kula;;;;;;;;;;;;;;;;;;;;;;;;;;;
PROV797;Zemlin;;;;;;;;;;;;;;;;;;;;;;;;;;;
PROV799;Naissos;;;;;;;;;;;;;;;;;;;;;;;;;;;
PROV800;Birziminium;;;;;;;;;;;;;;;;;;;;;;;;;;;
PROV802;Rascia;;;;;;;;;;;;;;;;;;;;;;;;;;;
PROV803;Dioclea;;;;;;;;;;;;;;;;;;;;;;;;;;;
PROV804;Arsa;;;;;;;;;;;;;;;;;;;;;;;;;;;
PROV806;Strymon;;;;;;;;;;;;;;;;;;;;;;;;;;;
PROV807;Voutelion;;;;;;;;;;;;;;;;;;;;;;;;;;;
PROV808;Deuterus;;;;;;;;;;;;;;;;;;;;;;;;;;;
PROV809;Rila;;;;;;;;;;;;;;;;;;;;;;;;;;;
PROV811;Epirus Nova;;;;;;;;;;;;;;;;;;;;;;;;;;;
PROV812;Serdica;;;;;;;;;;;;;;;;;;;;;;;;;;;
PROV813;Dorostotum;;;;;;;;;;;;;;;;;;;;;;;;;;;
PROV815;Philippopolis;;;;;;;;;;;;;;;;;;;;;;;;;;;
PROV816;Augusta;;;;;;;;;;;;;;;;;;;;;;;;;;;
PROV817;Mesembria;;;;;;;;;;;;;;;;;;;;;;;;;;;
PROV818;Cavarna;;;;;;;;;;;;;;;;;;;;;;;;;;;
PROV828;Adrianopolis;;;;;;;;;;;;;;;;;;;;;;;;;;;
PROV829;Xantheia;;;;;;;;;;;;;;;;;;;;;;;;;;;
PROV830;Didymoteichon;;;;;;;;;;;;;;;;;;;;;;;;;;;
PROV849;Kastoria;;;;;;;;;;;;;;;;;;;;;;;;;;;
PROV850;Askrivion;;;;;;;;;;;;;;;;;;;;;;;;;;;
PROV851;Dyrakium;;;;;;;;;;;;;;;;;;;;;;;;;;;
PROV852;Vlore;;;;;;;;;;;;;;;;;;;;;;;;;;;
PROV853;Angyrokastron;;;;;;;;;;;;;;;;;;;;;;;;;;;
PROV858;Thrake;;;;;;;;;;;;;;;;;;;;;;;;;;;
PROV859;Kalipolis;;;;;;;;;;;;;;;;;;;;;;;;;;;
PROV861;Xalsedon;;;;;;;;;;;;;;;;;;;;;;;;;;;
PROV862;Nicomedia;;;;;;;;;;;;;;;;;;;;;;;;;;;
PROV863;Nicaea;;;;;;;;;;;;;;;;;;;;;;;;;;;
PROV864;Kyzikus;;;;;;;;;;;;;;;;;;;;;;;;;;;
PROV865;Pigai;;;;;;;;;;;;;;;;;;;;;;;;;;;
PROV866;Philadelphia;;;;;;;;;;;;;;;;;;;;;;;;;;;
PROV867;Kotaion;;;;;;;;;;;;;;;;;;;;;;;;;;;
PROV868;Dorylaion;;;;;;;;;;;;;;;;;;;;;;;;;;;
PROV869;Smyrna;;;;;;;;;;;;;;;;;;;;;;;;;;;
PROV870;Pholaia;;;;;;;;;;;;;;;;;;;;;;;;;;;
PROV871;Sardes;;;;;;;;;;;;;;;;;;;;;;;;;;;
PROV872;Telmissus;;;;;;;;;;;;;;;;;;;;;;;;;;;
PROV873;Ikonion;;;;;;;;;;;;;;;;;;;;;;;;;;;
PROV874;Synnada;;;;;;;;;;;;;;;;;;;;;;;;;;;
PROV875;Ataleia;;;;;;;;;;;;;;;;;;;;;;;;;;;
PROV876;Ankyron;;;;;;;;;;;;;;;;;;;;;;;;;;;
PROV877;Anastasipolis;;;;;;;;;;;;;;;;;;;;;;;;;;;
PROV878;Caesaria;;;;;;;;;;;;;;;;;;;;;;;;;;;
PROV879;Koloneia;;;;;;;;;;;;;;;;;;;;;;;;;;;
PROV880;Narsopolis;;;;;;;;;;;;;;;;;;;;;;;;;;;
PROV881;Herakleia;;;;;;;;;;;;;;;;;;;;;;;;;;;
PROV882;Trapezous;;;;;;;;;;;;;;;;;;;;;;;;;;;
PROV883;Sinope;;;;;;;;;;;;;;;;;;;;;;;;;;;
PROV897;Beroea;;;;;;;;;;;;;;;;;;;;;;;;;;;
PROV901;Magarisu;;;;;;;;;;;;;;;;;;;;;;;;;;;
PROV903;Heliopolis;;;;;;;;;;;;;;;;;;;;;;;;;;;
PROV904;Callinicum;;;;;;;;;;;;;;;;;;;;;;;;;;;
PROV905;Antaradus;;;;;;;;;;;;;;;;;;;;;;;;;;;
PROV913;Berytus;;;;;;;;;;;;;;;;;;;;;;;;;;;
PROV914;Sidon;;;;;;;;;;;;;;;;;;;;;;;;;;;
PROV916;Ptolemais Akko;;;;;;;;;;;;;;;;;;;;;;;;;;;
PROV917;Hierosolyma;;;;;;;;;;;;;;;;;;;;;;;;;;;
PROV1735;Barca;;;;;;;;;;;;;;;;;;;;;;;;;;;
PROV1737;Darnis;;;;;;;;;;;;;;;;;;;;;;;;;;;
PROV1745;Heliopolis;;;;;;;;;;;;;;;;;;;;;;;;;;;
PROV1746;Thmuis;;;;;;;;;;;;;;;;;;;;;;;;;;;
PROV1747;Arhribis;;;;;;;;;;;;;;;;;;;;;;;;;;;
PROV1748;Tanis;;;;;;;;;;;;;;;;;;;;;;;;;;;
PROV1749;Arsinoe;;;;;;;;;;;;;;;;;;;;;;;;;;;
PROV1750;Krokodilopolis;;;;;;;;;;;;;;;;;;;;;;;;;;;
PROV1752;Paraetonium;;;;;;;;;;;;;;;;;;;;;;;;;;;
PROV1753;Antipyrgos;;;;;;;;;;;;;;;;;;;;;;;;;;;
PROV1756;Rhinocorura;;;;;;;;;;;;;;;;;;;;;;;;;;;
PROV1755;Pelusium;;;;;;;;;;;;;;;;;;;;;;;;;;;
PROV1757;At Tur;;;;;;;;;;;;;;;;;;;;;;;;;;;
PROV1759;Amun;;;;;;;;;;;;;;;;;;;;;;;;;;;
PROV1760;Kharga;;;;;;;;;;;;;;;;;;;;;;;;;;;
PROV1762;Panopolis;;;;;;;;;;;;;;;;;;;;;;;;;;;
PROV1763;Antinoopolis;;;;;;;;;;;;;;;;;;;;;;;;;;;
PROV1764;Lykopolis;;;;;;;;;;;;;;;;;;;;;;;;;;;
PROV1765;Phiom;;;;;;;;;;;;;;;;;;;;;;;;;;;
PROV1767;Thebai;;;;;;;;;;;;;;;;;;;;;;;;;;;
PROV1768;Philae;;;;;;;;;;;;;;;;;;;;;;;;;;;
PROV1769;Coptos;;;;;;;;;;;;;;;;;;;;;;;;;;;
PROV1771;Berenice;;;;;;;;;;;;;;;;;;;;;;;;;;;
PROV1766;Pselchis;;;;;;;;;;;;;;;;;;;;;;;;;;;
PROV2259;Ptolemais Hermiou;;;;;;;;;;;;;;;;;;;;;;;;;;;
PROV2563;Deccani;;;;;;;;;;;;;;;;;;;;;;;;;;;
PROV2577;Pec;;;;;;;;;;;;;;;;;;;;;;;;;;;
PROV2583;Antivarion;;;;;;;;;;;;;;;;;;;;;;;;;;;
PROV2782;Zeta;;;;;;;;;;;;;;;;;;;;;;;;;;;
PROV860;Byzantion;;;;;;;;;;;;;;;;;;;;;;;;;;;
#############################################;;;;;;;;;;;;;;x
#Carthage;;;;;;;;;;;;;;x
#############################################;;;;;;;;;;;;;;x
PROV765;Caralis;;;;;;;;;;;;;;;;;;;;;;;;;;;
PROV1680;Toklosad;;;;;;;;;;;;;;;;;;;;;;;;;;;
PROV1681;Volubilis;;;;;;;;;;;;;;;;;;;;;;;;;;;
PROV1682;Faqa;;;;;;;;;;;;;;;;;;;;;;;;;;;
PROV1683;Metagonitensis;;;;;;;;;;;;;;;;;;;;;;;;;;;
PROV1684;Lemnis;;;;;;;;;;;;;;;;;;;;;;;;;;;
PROV1685;Lixus;;;;;;;;;;;;;;;;;;;;;;;;;;;
PROV1686;Tingis;;;;;;;;;;;;;;;;;;;;;;;;;;;
PROV1687;Septem;;;;;;;;;;;;;;;;;;;;;;;;;;;
PROV1688;Rusaddir;;;;;;;;;;;;;;;;;;;;;;;;;;;
PROV1690;Anfawan;;;;;;;;;;;;;;;;;;;;;;;;;;;
PROV1691;Sala;;;;;;;;;;;;;;;;;;;;;;;;;;;
PROV1700;Yi'al;;;;;;;;;;;;;;;;;;;;;;;;;;;
PROV1701;Igilgili;;;;;;;;;;;;;;;;;;;;;;;;;;;
PROV1702;Lambaesis;;;;;;;;;;;;;;;;;;;;;;;;;;;
PROV1704;Metagonia;;;;;;;;;;;;;;;;;;;;;;;;;;;
PROV1705;Siga;;;;;;;;;;;;;;;;;;;;;;;;;;;
PROV1706;Qartan;;;;;;;;;;;;;;;;;;;;;;;;;;;
PROV1708;Nattabot;;;;;;;;;;;;;;;;;;;;;;;;;;;
PROV1712;Limes Thigensium;;;;;;;;;;;;;;;;;;;;;;;;;;;
PROV1720;Theveste;;;;;;;;;;;;;;;;;;;;;;;;;;;
PROV1726;Tabrak'an;;;;;;;;;;;;;;;;;;;;;;;;;;;
PROV1727;Maxyesia;;;;;;;;;;;;;;;;;;;;;;;;;;;
PROV1728;Hush'al;;;;;;;;;;;;;;;;;;;;;;;;;;;
PROV1729;Gyzantia;;;;;;;;;;;;;;;;;;;;;;;;;;;
PROV1730;Takapes;;;;;;;;;;;;;;;;;;;;;;;;;;;
PROV1731;Oyat;;;;;;;;;;;;;;;;;;;;;;;;;;;
PROV1733;'Illapqi;;;;;;;;;;;;;;;;;;;;;;;;;;;
PROV1734;Pysllia;;;;;;;;;;;;;;;;;;;;;;;;;;;
PROV3250;Tamuda;;;;;;;;;;;;;;;;;;;;;;;;;;;
PROV1725;Qart-Hadasht;;;;;;;;;;;;;;x
PROV77;Tiburibshi;;;;;;;;;;;;;;x
PROV222;'Adromet;;;;;;;;;;;;;;x
PROV242;'Musulamia;;;;;;;;;;;;;;x
PROV221;Zalda;;;;;;;;;;;;;;x
PROV354;Lakish;;;;;;;;;;;;;;x
PROV1710;Zaba;;;;;;;;;;;;;;x
#############################################;;;;;;;;;;;;;;x
#Unsorted;;;;;;;;;;;;;;x
#############################################;;;;;;;;;;;;;;x
PROV300;Londinjon;;;;;;;;;;;;;;x
PROV393;Tornacum;;;;;;;;;;;;;;x
PROV498;Barcinum;;;;;;;;;;;;;;x
PROV1736;Cyrenaica;;;;;;;;;;;;;;x
PROV495;Caesaraugusta;;;;;;;;;;;;;;x
PROV749;Rewm;;;;;;;;;;;;;;x
PROV764;Sarakusa;;;;;;;;;;;;;;x
PROV875;Attaleia;;;;;;;;;;;;;;x
PROV915;Tyre;;;;;;;;;;;;;;x
PROV918;Galilee;;;;;;;;;;;;;;x
PROV926;Seleukeia;;;;;;;;;;;;;;x
PROV2346;Charmande;;;;;;;;;;;;;;x
PROV2373;Aramaea;;;;;;;;;;;;;;x
PROV929;Babylon;;;;;;;;;;;;;;x
PROV932;Maysan;;;;;;;;;;;;;;x
PROV44;Salia;;;;;;;;;;;;;;x
PROV856;Amathus;;;;;;;;;;;;;;x
PROV2172;Mexico;;;;;;;;;;;;;;x
PROV232;Manaháhtaan;;;;;;;;;;;;;;x
PROV966;Panticapaeum;;;;;;;;;;;;;;x
PROV502;Gymnasiae;;;;;;;;;;;;;;x
PROV1709;Rush'Ikkad;;;;;;;;;;;;;;x
PROV3298;Garamaea;;x
PROV3299;Phainichia;;x
PROV3300;Hatra;;x
PROV3324;Cassiterides;;x
PROV3325;Hy-Brasil;;x
PROV3326;Oileán Fada;;x
PROV42;New Sodom;;x